﻿<?xml version="1.0" encoding="utf-8"?>
<publishData>
  <publishProfile publishUrl="D:\Publish\MMIE" deleteExistingFiles="True" ftpAnonymousLogin="False" ftpPassiveMode="True" msdeploySite="D:\WebApplication\MMIE\MMIE.Web\Publish" msdeploySiteID="" msdeployRemoteSitePhysicalPath="" msdeployAllowUntrustedCertificate="False" msdeploySkipExtraFilesOnServer="True" msdeployMarkAsApp="False" profileName="MMIE" publishMethod="FileSystem" replaceMatchingFiles="False" userName="" savePWD="False" userPWD="" SelectedForPublish="True">
    <file relUrl="PUR/PartReturnDetail.aspx" publishTime="08/09/2012 11:25:42" />
    <file relUrl="Images/ProductImg/companylogo.png" publishTime="08/09/2012 11:25:51" />
    <file relUrl="bin/MMIE.dll" publishTime="01/08/2013 18:37:24" />
    <file relUrl="Scripts/jquery-1.7.1.js" publishTime="08/09/2012 11:26:09" />
    <file relUrl="PUR/PartReceving.aspx" publishTime="08/09/2012 11:25:42" />
    <file relUrl="PUR/PurchaseOrderRecieving.aspx" publishTime="12/07/2012 16:53:32" />
    <file relUrl="Styles/TimePickerUI/images/ui-bg_glass_75_e6e6e6_1x400.png" publishTime="08/09/2012 11:26:08" />
    <file relUrl="Styles/TimePickerUI/jquery.ui.resizable.css" publishTime="08/09/2012 11:26:08" />
    <file relUrl="SAL/Report/VendorBalance.aspx" publishTime="08/09/2012 11:26:05" />
    <file relUrl="CUR/Report/CurrencyReportViewer.aspx" publishTime="08/09/2012 11:26:06" />
    <file relUrl="DepositTransactionPage.aspx" publishTime="08/09/2012 11:26:11" />
    <file relUrl="Images/delete-icon.gif" publishTime="08/09/2012 11:25:51" />
    <file relUrl="Images/bg_slides.jpg" publishTime="08/09/2012 11:25:51" />
    <file relUrl="SAL/Delivery.aspx" publishTime="12/07/2012 17:39:51" />
    <file relUrl="PUR/OrderRecievingApprover.aspx" publishTime="08/09/2012 11:25:42" />
    <file relUrl="bin/Microsoft.Practices.EnterpriseLibrary.Common.dll" publishTime="08/09/2012 11:25:25" />
    <file relUrl="CompanyCurrencyMST.aspx" publishTime="08/09/2012 11:26:11" />
    <file relUrl="ACC/Report/LedgerAccountReport.aspx" publishTime="08/09/2012 11:26:09" />
    <file relUrl="Images/download.png" publishTime="09/24/2012 16:46:05" />
    <file relUrl="Styles/TimePickerUI/images/ui-bg_glass_65_ffffff_1x400.png" publishTime="08/09/2012 11:26:08" />
    <file relUrl="bin/Microsoft.Practices.Unity.xml" publishTime="08/09/2012 11:25:25" />
    <file relUrl="SAL/Report/CheckCollectedGlobalReport.aspx" publishTime="08/09/2012 11:26:05" />
    <file relUrl="SAL/Report/VehicleSaleWithChassisReport.aspx" publishTime="10/08/2012 15:58:18" />
    <file relUrl="Styles/TimePickerUI/jquery.ui.all.css" publishTime="08/09/2012 11:26:08" />
    <file relUrl="Images/topbar.jpg" publishTime="08/09/2012 11:25:51" />
    <file relUrl="Images/logo.png" publishTime="08/09/2012 11:25:51" />
    <file relUrl="bin/Microsoft.Practices.Unity.dll" publishTime="08/09/2012 11:25:25" />
    <file relUrl="Styles/TimePickerUI/images/ui-bg_glass_75_dadada_1x400.png" publishTime="08/09/2012 11:26:08" />
    <file relUrl="ADM/WebCam.aspx" publishTime="08/09/2012 11:25:35" />
    <file relUrl="SalesTypeMaster.aspx" publishTime="08/09/2012 11:26:11" />
    <file relUrl="Scripts/UI/jquery.ui.spinner.js" publishTime="08/09/2012 11:26:09" />
    <file relUrl="Styles/TimePickerUI/images/ui-icons_2e83ff_256x240.png" publishTime="08/09/2012 11:26:08" />
    <file relUrl="SAL/SafeBoxCollection.aspx" publishTime="08/09/2012 11:26:05" />
    <file relUrl="Images/banner1.jpg" publishTime="08/09/2012 11:25:51" />
    <file relUrl="SAL/Report/PaymentDetailsGlobalReport.aspx" publishTime="08/09/2012 11:26:05" />
    <file relUrl="Images/InProgress.gif" publishTime="08/09/2012 11:25:51" />
    <file relUrl="SAL/CustomerOrderCheckout.aspx" publishTime="08/24/2012 11:02:53" />
    <file relUrl="PUR/OrderApprover.aspx" publishTime="08/22/2012 17:13:57" />
    <file relUrl="Images/grid2.png" publishTime="08/09/2012 11:25:51" />
    <file relUrl="ACC/AccountGroupMST.aspx" publishTime="08/22/2012 17:13:58" />
    <file relUrl="BNK/BankAccountCredit.aspx" publishTime="08/09/2012 11:25:43" />
    <file relUrl="Images/dropArrow.png" publishTime="08/09/2012 11:25:51" />
    <file relUrl="CustomerRegistration.aspx" publishTime="09/24/2012 11:03:10" />
    <file relUrl="Images/header.png" publishTime="08/09/2012 11:25:51" />
    <file relUrl="PRL/Report/PrintSalarySlips.aspx" publishTime="08/09/2012 11:25:48" />
    <file relUrl="City.asmx" publishTime="08/09/2012 11:26:11" />
    <file relUrl="Images/customer.png" publishTime="08/09/2012 11:25:51" />
    <file relUrl="INV/Report/StoreWiseStockReport.aspx" publishTime="08/09/2012 11:26:11" />
    <file relUrl="Styles/TimePickerUI/images/ui-bg_flat_75_ffffff_40x100.png" publishTime="08/09/2012 11:26:08" />
    <file relUrl="Reports/MMIE_ReportViewer.aspx" publishTime="08/09/2012 11:25:51" />
    <file relUrl="SAL/PartSales.aspx" publishTime="12/07/2012 18:30:54" />
    <file relUrl="PUR/Report/OrderSupplierViewer.aspx" publishTime="08/09/2012 11:25:42" />
    <file relUrl="bin/MMIE.pdb" publishTime="01/08/2013 18:37:24" />
    <file relUrl="bin/Microsoft.Practices.EnterpriseLibrary.ExceptionHandling.dll" publishTime="08/09/2012 11:25:25" />
    <file relUrl="bin/AjaxControlToolkit.dll" publishTime="08/09/2012 11:26:08" />
    <file relUrl="SAL/Report/ReimbursementReport.aspx" publishTime="08/09/2012 11:26:05" />
    <file relUrl="bin/Microsoft.Practices.EnterpriseLibrary.Logging.xml" publishTime="08/09/2012 11:25:25" />
    <file relUrl="bin/Microsoft.Practices.EnterpriseLibrary.Common.pdb" publishTime="08/09/2012 11:25:25" />
    <file relUrl="Images/banner2.jpg" publishTime="08/09/2012 11:25:51" />
    <file relUrl="PRL/PayRollTaxMST.aspx" publishTime="08/09/2012 11:25:49" />
    <file relUrl="StoreDepotScanID/companylogo.png" publishTime="08/09/2012 11:25:43" />
    <file relUrl="ManagePaymentDetails.aspx" publishTime="08/09/2012 11:26:11" />
    <file relUrl="ACC/Report/BalanceSheetReport.aspx" publishTime="08/09/2012 11:26:09" />
    <file relUrl="Reports/CustomerDebtAmountReport.aspx" publishTime="08/09/2012 11:25:51" />
    <file relUrl="Images/loginback.jpg" publishTime="08/09/2012 11:25:51" />
    <file relUrl="SAL/Report/CorrectionCertificate.aspx" publishTime="08/09/2012 11:26:05" />
    <file relUrl="bin/MMIE.Common.dll" publishTime="01/03/2013 15:21:08" />
    <file relUrl="ACC/Report/AccountReportViewer.aspx" publishTime="08/09/2012 11:26:09" />
    <file relUrl="PRL/Report/EmployeeDebtReport.aspx" publishTime="08/09/2012 11:25:48" />
    <file relUrl="Images/import.png" publishTime="08/09/2012 11:25:51" />
    <file relUrl="SAL/PartialOrderCancellation.aspx" publishTime="10/16/2012 15:32:17" />
    <file relUrl="INV/Report/InventoryReports.aspx" publishTime="08/09/2012 11:26:11" />
    <file relUrl="Styles/TimePickerUI/images/ui-bg_flat_0_aaaaaa_40x100.png" publishTime="08/09/2012 11:26:08" />
    <file relUrl="BNK/BankAccountMST.aspx" publishTime="08/09/2012 11:25:43" />
    <file relUrl="BNK/Deposits.aspx" publishTime="08/09/2012 11:25:43" />
    <file relUrl="Styles/TimePickerUI/jquery.ui.progressbar.css" publishTime="08/09/2012 11:26:08" />
    <file relUrl="ACC/JournalVoucher.aspx" publishTime="08/09/2012 11:26:09" />
    <file relUrl="SAL/Report/DeliveryPendingReport.aspx" publishTime="08/09/2012 11:26:05" />
    <file relUrl="CUR/SaleCurrency.aspx" publishTime="08/09/2012 11:26:06" />
    <file relUrl="bin/MMIE.DataAccess.pdb" publishTime="01/04/2013 18:26:38" />
    <file relUrl="bin/MMIE.BusinessProcess.pdb" publishTime="01/04/2013 18:26:38" />
    <file relUrl="SAL/PartSalesOrder.aspx" publishTime="08/09/2012 11:26:05" />
    <file relUrl="Styles/TimePickerUI/jquery.ui.spinner.css" publishTime="08/09/2012 11:26:08" />
    <file relUrl="Styles/TimePickerUI/jquery.ui.core.css" publishTime="08/09/2012 11:26:08" />
    <file relUrl="Styles/TimePickerUI/jquery.ui.accordion.css" publishTime="08/09/2012 11:26:08" />
    <file relUrl="SAL/Report/CheckoutReport.aspx" publishTime="08/09/2012 11:26:05" />
    <file relUrl="SAL/Report/CustomerReturnQtyReport.aspx" publishTime="08/09/2012 11:26:05" />
    <file relUrl="CityMaster.aspx" publishTime="08/09/2012 11:26:11" />
    <file relUrl="SAL/Report/SaleReport.aspx" publishTime="08/09/2012 11:26:05" />
    <file relUrl="Reports/CustomerAvailableBalanceReport.aspx" publishTime="08/09/2012 11:25:51" />
    <file relUrl="SAL/Report/rptSaleDateRange.aspx" publishTime="08/09/2012 11:26:05" />
    <file relUrl="SAL/Report/PreOrderDeliverPendingReport.aspx" publishTime="08/09/2012 11:26:05" />
    <file relUrl="SAL/VehicleReturnDetails.aspx" publishTime="09/28/2012 15:46:14" />
    <file relUrl="bin/Microsoft.Practices.EnterpriseLibrary.ExceptionHandling.xml" publishTime="08/09/2012 11:25:25" />
    <file relUrl="ACC/Company.aspx" publishTime="08/09/2012 11:26:09" />
    <file relUrl="SAL/Report/SaleDateRange.aspx" publishTime="08/09/2012 11:26:05" />
    <file relUrl="Images/delete.png" publishTime="08/09/2012 11:25:51" />
    <file relUrl="ACC/AccountGroupTypeMST.aspx" publishTime="08/09/2012 11:26:09" />
    <file relUrl="Styles/TimePickerUI/jquery.ui.button.css" publishTime="08/09/2012 11:26:08" />
    <file relUrl="PUR/Report/OrderPendingReport.aspx" publishTime="08/09/2012 11:25:42" />
    <file relUrl="Styles/TimePickerUI/images/ui-icons_888888_256x240.png" publishTime="08/09/2012 11:26:08" />
    <file relUrl="ADM/LoginScheduler.aspx" publishTime="08/09/2012 15:07:04" />
    <file relUrl="Styles/TimePickerUI/jquery.ui.base.css" publishTime="08/09/2012 11:26:08" />
    <file relUrl="bin/Microsoft.Practices.ObjectBuilder2.dll" publishTime="08/09/2012 11:25:25" />
    <file relUrl="PurchaseCurrencyMST.aspx" publishTime="08/09/2012 11:26:11" />
    <file relUrl="SAL/Report/DeliverySameDayReport.aspx" publishTime="08/09/2012 11:26:05" />
    <file relUrl="SAL/Report/SalesCertificate.aspx" publishTime="08/09/2012 11:26:05" />
    <file relUrl="SAL/Report/DailyCategeoryWiseSalesReport.aspx" publishTime="10/08/2012 19:11:09" />
    <file relUrl="Styles/curvycorners.src.js" publishTime="08/09/2012 11:26:08" />
    <file relUrl="Web.config" publishTime="01/04/2013 18:13:14" />
    <file relUrl="Scripts/UI/jquery.ui.core.js" publishTime="08/09/2012 11:26:09" />
    <file relUrl="Styles/PIE.htc" publishTime="08/09/2012 11:26:08" />
    <file relUrl="SAL/Report/CustomerDebtReport.aspx" publishTime="08/09/2012 11:26:05" />
    <file relUrl="CUR/PurchaseCurrency.aspx" publishTime="08/09/2012 11:26:06" />
    <file relUrl="SAL/BulkDelivery.aspx" publishTime="08/09/2012 11:26:05" />
    <file relUrl="Styles/MenuIE6.css" publishTime="08/09/2012 11:26:08" />
    <file relUrl="PUR/PurchaseVehicalUpdate.aspx" publishTime="08/09/2012 11:25:42" />
    <file relUrl="Styles/TimePickerUI/jquery.ui.datepicker.css" publishTime="08/09/2012 11:26:08" />
    <file relUrl="Styles/StyleSheet.css" publishTime="09/24/2012 11:03:10" />
    <file relUrl="Images/grid.png" publishTime="08/09/2012 11:25:51" />
    <file relUrl="Images/ProductImg/calendaricon.jpg" publishTime="08/09/2012 11:25:51" />
    <file relUrl="Scripts/jquery.easing.1.3.js" publishTime="08/09/2012 11:26:09" />
    <file relUrl="CUR/Report/CompanyAvailableBalanceReport.aspx" publishTime="08/09/2012 11:26:06" />
    <file relUrl="bin/MMIE.Data.dll" publishTime="01/03/2013 15:21:07" />
    <file relUrl="PUR/ProductVehicleReceiveNote.aspx" publishTime="08/09/2012 11:25:42" />
    <file relUrl="BNK/BankAccountCheckEntry.aspx" publishTime="08/09/2012 11:25:43" />
    <file relUrl="PRL/Report/EmployeeSalarySlip.aspx" publishTime="08/09/2012 11:25:48" />
    <file relUrl="MMIEMST.Master" publishTime="09/18/2012 16:05:22" />
    <file relUrl="SAL/Report/OtherChargesReport.aspx" publishTime="08/09/2012 11:26:05" />
    <file relUrl="RemarksMST.aspx" publishTime="08/22/2012 17:13:58" />
    <file relUrl="Images/calendaricon.jpg" publishTime="08/09/2012 11:25:51" />
    <file relUrl="PUR/PurchaseOrderSupplier.aspx" publishTime="08/09/2012 11:25:42" />
    <file relUrl="bin/Microsoft.Practices.EnterpriseLibrary.Logging.pdb" publishTime="08/09/2012 11:25:25" />
    <file relUrl="bin/MMIE.DataAccess.dll" publishTime="01/04/2013 18:26:38" />
    <file relUrl="INV/TransferStockQty.aspx" publishTime="08/09/2012 11:26:11" />
    <file relUrl="SAL/Report/OrdersPendingPaymentReport.aspx" publishTime="08/09/2012 11:26:05" />
    <file relUrl="Scripts/curvycorners.src.js" publishTime="08/09/2012 11:26:09" />
    <file relUrl="bin/Microsoft.Practices.EnterpriseLibrary.ExceptionHandling.Logging.dll" publishTime="08/09/2012 11:25:29" />
    <file relUrl="Images/erp.jpg" publishTime="08/09/2012 11:25:51" />
    <file relUrl="ADM/UserImpersantion.aspx" publishTime="08/09/2012 11:25:35" />
    <file relUrl="bin/Microsoft.Practices.EnterpriseLibrary.ExceptionHandling.Logging.xml" publishTime="08/09/2012 11:25:25" />
    <file relUrl="BNK/BankAccountTransfer.aspx" publishTime="08/09/2012 11:25:43" />
    <file relUrl="ADM/RolePermission.aspx" publishTime="08/09/2012 11:25:35" />
    <file relUrl="bin/Microsoft.Practices.EnterpriseLibrary.ExceptionHandling.WCF.xml" publishTime="08/09/2012 11:25:25" />
    <file relUrl="SAL/Report/DeliveryCashPendingReport.aspx" publishTime="08/09/2012 11:26:05" />
    <file relUrl="SAL/OrderCancelation.aspx" publishTime="09/24/2012 11:03:10" />
    <file relUrl="Images/banner4.jpg" publishTime="08/09/2012 11:25:51" />
    <file relUrl="bin/MMIE.BusinessProcess.dll" publishTime="01/04/2013 18:26:38" />
    <file relUrl="INV/Report/StockAdjustmentReport.aspx" publishTime="08/09/2012 11:26:11" />
    <file relUrl="BNK/DepositsEntry.aspx" publishTime="08/09/2012 11:25:43" />
    <file relUrl="INV/Report/DateWiseStockReport.aspx" publishTime="09/26/2012 11:13:31" />
    <file relUrl="App_Data/ExceptionMessages.xml" publishTime="08/09/2012 11:25:42" />
    <file relUrl="ADM/AddRole.aspx" publishTime="09/24/2012 11:03:07" />
    <file relUrl="ProductEntry.aspx" publishTime="08/09/2012 11:26:11" />
    <file relUrl="PUR/PurchaseOrder.aspx" publishTime="08/09/2012 11:25:42" />
    <file relUrl="StreetMST.aspx" publishTime="08/09/2012 11:26:11" />
    <file relUrl="Styles/TimePickerUI/jquery.ui.menubar.css" publishTime="08/09/2012 11:26:08" />
    <file relUrl="SAL/SafeBoxToBank.aspx" publishTime="08/09/2012 11:26:05" />
    <file relUrl="Images/loginbutton.jpg" publishTime="08/09/2012 11:25:51" />
    <file relUrl="SAL/VehicleSalesOrder.aspx" publishTime="08/09/2012 11:26:05" />
    <file relUrl="PRL/Report/EmployeeSalaryReport.aspx" publishTime="08/09/2012 11:25:48" />
    <file relUrl="SAL/Report/TopSaleableProduct.aspx" publishTime="08/09/2012 11:26:05" />
    <file relUrl="VehicleReceiving.aspx" publishTime="08/09/2012 11:26:11" />
    <file relUrl="SAL/CloseTransaction.aspx" publishTime="08/09/2012 11:26:05" />
    <file relUrl="SAL/Report/StoreCashCollected.aspx" publishTime="08/09/2012 11:26:05" />
    <file relUrl="PRL/EmployeeLoanMST.aspx" publishTime="08/09/2012 11:25:49" />
    <file relUrl="Styles/TimePickerUI/visual.css" publishTime="08/09/2012 11:26:08" />
    <file relUrl="TransformMenuXSLT.xsl" publishTime="08/09/2012 11:26:11" />
    <file relUrl="bin/Microsoft.Practices.EnterpriseLibrary.Logging.dll" publishTime="08/09/2012 11:25:25" />
    <file relUrl="Scripts/UI/jquery.ui.timepicker.js" publishTime="08/09/2012 11:26:09" />
    <file relUrl="Scripts/jquery-1.4.1.js" publishTime="08/09/2012 11:26:09" />
    <file relUrl="Images/banner3.jpg" publishTime="08/09/2012 11:25:51" />
    <file relUrl="Styles/TimePickerUI/jquery.ui.tooltip.css" publishTime="08/09/2012 11:26:08" />
    <file relUrl="Styles/TimePickerUI/images/ui-icons_222222_256x240.png" publishTime="08/09/2012 11:26:08" />
    <file relUrl="PUR/Report/OtherChargesReport.aspx" publishTime="08/09/2012 11:25:42" />
    <file relUrl="ACC/Report/JournalEntryReport.aspx" publishTime="08/09/2012 11:26:09" />
    <file relUrl="PRL/EmployeeSalaryTransaction.aspx" publishTime="08/09/2012 11:25:49" />
    <file relUrl="INV/Report/TransferReport.aspx" publishTime="08/09/2012 11:26:11" />
    <file relUrl="SAL/CheckOut.aspx" publishTime="09/18/2012 11:01:48" />
    <file relUrl="Styles/TimePickerUI/jquery.ui.menu.css" publishTime="08/09/2012 11:26:08" />
    <file relUrl="CustomerEntry.aspx" publishTime="08/09/2012 11:26:11" />
    <file relUrl="SAL/Report/CustomerDepositReport.aspx" publishTime="08/09/2012 11:26:05" />
    <file relUrl="Images/linkbutton.jpg" publishTime="08/09/2012 11:25:51" />
    <file relUrl="Images/background.jpg" publishTime="08/09/2012 11:25:51" />
    <file relUrl="Images/print-icon2.png" publishTime="08/09/2012 11:25:51" />
    <file relUrl="SAL/Report/DailyCustomerCashCollected.aspx" publishTime="08/09/2012 11:26:05" />
    <file relUrl="Scripts/UI/jquery.ui.widget.js" publishTime="08/09/2012 11:26:09" />
    <file relUrl="BankMST.aspx" publishTime="12/31/2012 16:20:16" />
    <file relUrl="Scripts/jquery.roundabout-1.0.min.js" publishTime="08/09/2012 11:26:09" />
    <file relUrl="Images/globe_master.png" publishTime="08/09/2012 11:25:51" />
    <file relUrl="Reports/CustomerDueDaysReport.aspx" publishTime="08/09/2012 11:25:51" />
    <file relUrl="INV/Report/StockReport.aspx" publishTime="08/09/2012 11:26:11" />
    <file relUrl="BNK/BankAccountCheck.aspx" publishTime="08/09/2012 11:25:43" />
    <file relUrl="PRL/Report/EmployeePaymentHistoryReport.aspx" publishTime="08/09/2012 11:25:48" />
    <file relUrl="PUR/PUR_InvoicePayment.aspx" publishTime="08/09/2012 11:25:42" />
    <file relUrl="Styles/TimePickerUI/images/ui-bg_highlight-soft_75_cccccc_1x100.png" publishTime="08/09/2012 11:26:08" />
    <file relUrl="ADM/CheckedInUser.aspx" publishTime="08/09/2012 11:25:35" />
    <file relUrl="Styles/TimePickerUI/jquery.ui.slider.css" publishTime="08/09/2012 11:26:08" />
    <file relUrl="Scripts/UI/jquery.ui.button.js" publishTime="08/09/2012 11:26:09" />
    <file relUrl="CompanyDetail.aspx" publishTime="08/09/2012 11:26:11" />
    <file relUrl="StoreDepotRegistration.aspx" publishTime="08/09/2012 11:26:11" />
    <file relUrl="TaxMST.aspx" publishTime="08/09/2012 11:26:11" />
    <file relUrl="PUR/Report/PayementDetailsReport.aspx" publishTime="08/09/2012 11:25:42" />
    <file relUrl="bin/Microsoft.Practices.EnterpriseLibrary.ExceptionHandling.Logging.pdb" publishTime="08/09/2012 11:25:25" />
    <file relUrl="Images/grd_head.png" publishTime="08/09/2012 11:25:51" />
    <file relUrl="Images/Login/login.jpg" publishTime="08/09/2012 11:25:51" />
    <file relUrl="SAL/Report/DeliveryReport.aspx" publishTime="08/09/2012 11:26:05" />
    <file relUrl="Styles/TimePickerUI/images/ui-icons_cd0a0a_256x240.png" publishTime="08/09/2012 11:26:08" />
    <file relUrl="Images/folder.ico" publishTime="08/09/2012 11:25:51" />
    <file relUrl="Images/txttopbar.jpg" publishTime="08/09/2012 11:25:51" />
    <file relUrl="bin/MMIE.Common.pdb" publishTime="01/03/2013 15:21:07" />
    <file relUrl="PRL/Report/EmployeeSalaryPaymentHistoryReport.aspx" publishTime="08/09/2012 11:25:48" />
    <file relUrl="ADM/UpdateLoginSchedule.aspx" publishTime="08/09/2012 11:25:35" />
    <file relUrl="OtherChargesMST.aspx" publishTime="08/09/2012 11:26:11" />
    <file relUrl="Images/grd_pgr.png" publishTime="08/09/2012 11:25:51" />
    <file relUrl="StreetProductChargeMST.aspx" publishTime="08/09/2012 11:26:11" />
    <file relUrl="ADM/ModifyRole.aspx" publishTime="08/09/2012 11:25:35" />
    <file relUrl="ACC/LedgerAccounts.aspx" publishTime="08/22/2012 17:13:58" />
    <file relUrl="PRL/SalaryCalculation.aspx" publishTime="08/09/2012 11:25:49" />
    <file relUrl="PRL/Report/PayrollReport.aspx" publishTime="08/09/2012 11:25:48" />
    <file relUrl="PUR/Report/SupplierDebtReport.aspx" publishTime="08/09/2012 11:25:42" />
    <file relUrl="Images/loading.gif" publishTime="08/09/2012 11:25:51" />
    <file relUrl="Images/background.png" publishTime="08/09/2012 11:25:51" />
    <file relUrl="Scripts/jquery-1.4.1.min.js" publishTime="08/09/2012 11:26:09" />
    <file relUrl="Styles/TimePickerUI/images/ui-bg_glass_55_fbf9ee_1x400.png" publishTime="08/09/2012 11:26:08" />
    <file relUrl="Images/LOGIN.png" publishTime="08/09/2012 11:25:51" />
    <file relUrl="SAL/Report/SaleReportRangeOfDate.aspx" publishTime="08/09/2012 11:26:05" />
    <file relUrl="ACC/Report/ProfitLossReport.aspx" publishTime="08/09/2012 11:26:09" />
    <file relUrl="Styles/TimePickerUI/images/ui-icons_454545_256x240.png" publishTime="08/09/2012 11:26:08" />
    <file relUrl="PUR/InvoicePaymentCheckout.aspx" publishTime="08/09/2012 11:25:42" />
    <file relUrl="SAL/Report/SafeBoxTransfered.aspx" publishTime="08/09/2012 11:26:05" />
    <file relUrl="Reports/PurchasePaymentDebtReport.aspx" publishTime="08/09/2012 11:25:51" />
    <file relUrl="ADM/ModifyUser.aspx" publishTime="08/09/2012 11:25:35" />
    <file relUrl="UnitMST.aspx" publishTime="08/09/2012 11:26:11" />
    <file relUrl="Reports/CustomerSalesStatementReport.aspx" publishTime="08/09/2012 11:25:51" />
    <file relUrl="PRL/Report/SalaryPaymentReport.aspx" publishTime="08/09/2012 11:25:48" />
    <file relUrl="PRL/EmployeeDetail.aspx" publishTime="08/09/2012 11:25:49" />
    <file relUrl="CUR/Report/CurrencyPurchaseReport.aspx" publishTime="08/09/2012 11:26:06" />
    <file relUrl="PUR/Report/ProductReturnQtyReport.aspx" publishTime="08/09/2012 11:25:42" />
    <file relUrl="Images/logintopback.jpg" publishTime="08/09/2012 11:25:51" />
    <file relUrl="Scripts/jquery-1.4.1-vsdoc.js" publishTime="08/09/2012 11:26:09" />
    <file relUrl="SAL/Report/ClientBalance.aspx" publishTime="08/09/2012 11:26:05" />
    <file relUrl="CurrencyConvertor.aspx" publishTime="08/09/2012 11:26:11" />
    <file relUrl="bin/Microsoft.Practices.EnterpriseLibrary.ExceptionHandling.WCF.pdb" publishTime="08/09/2012 11:25:25" />
    <file relUrl="Styles/TimePickerUI/jquery.ui.autocomplete.css" publishTime="08/09/2012 11:26:08" />
    <file relUrl="PUR/VehicleReceiving.aspx" publishTime="08/09/2012 11:25:42" />
    <file relUrl="Images/bar.png" publishTime="08/09/2012 11:25:51" />
    <file relUrl="Reports/CustomerTotalBalanceAmount.aspx" publishTime="08/09/2012 11:25:51" />
    <file relUrl="ACC/VoucherGroupMST.aspx" publishTime="08/09/2012 11:26:09" />
    <file relUrl="ADM/DataBaseBackup.aspx" publishTime="09/24/2012 16:46:27" />
    <file relUrl="ProductCategoryMST.aspx" publishTime="08/09/2012 11:26:11" />
    <file relUrl="Styles/TimePickerUI/jquery.ui.tabs.css" publishTime="08/09/2012 11:26:08" />
    <file relUrl="Styles/AccountStyle.css" publishTime="08/09/2012 11:26:08" />
    <file relUrl="Styles/TimePickerUI/jquery.ui.selectable.css" publishTime="08/09/2012 11:26:08" />
    <file relUrl="ProductRegistration.aspx" publishTime="11/29/2012 18:57:38" />
    <file relUrl="FinancialYearMST.aspx" publishTime="08/09/2012 11:26:11" />
    <file relUrl="bin/Microsoft.Practices.EnterpriseLibrary.ExceptionHandling.pdb" publishTime="08/09/2012 11:25:25" />
    <file relUrl="Styles/homepage.css" publishTime="08/09/2012 11:26:08" />
    <file relUrl="Scripts/UI/jquery.ui.mask.js" publishTime="08/09/2012 11:26:09" />
    <file relUrl="SAL/Report/SafeBoxDetailReport.aspx" publishTime="08/09/2012 11:26:05" />
    <file relUrl="Styles/Menu.css" publishTime="08/09/2012 11:26:08" />
    <file relUrl="Images/question.png" publishTime="08/09/2012 11:25:51" />
    <file relUrl="bin/MMIE.Data.pdb" publishTime="01/03/2013 15:21:07" />
    <file relUrl="PRL/EmployeesalaryHistory.aspx" publishTime="08/09/2012 11:25:49" />
    <file relUrl="Home.aspx" publishTime="08/09/2012 11:26:11" />
    <file relUrl="ADM/MaintainUser.aspx" publishTime="08/09/2012 11:25:35" />
    <file relUrl="SAL/Report/PaymentDetailsReport.aspx" publishTime="08/09/2012 11:26:05" />
    <file relUrl="Login.aspx" publishTime="08/09/2012 11:26:11" />
    <file relUrl="bin/Microsoft.Practices.EnterpriseLibrary.Common.xml" publishTime="08/09/2012 11:25:25" />
    <file relUrl="Images/companylogo.png" publishTime="08/09/2012 11:25:51" />
    <file relUrl="SAL/SalesInvoicePayment.aspx" publishTime="10/12/2012 13:11:17" />
    <file relUrl="ProdoctsImage/big/companylogo.png" publishTime="08/09/2012 11:25:51" />
    <file relUrl="PUR/Report/ProductReceivingReport.aspx" publishTime="08/09/2012 11:25:42" />
    <file relUrl="Images/banner5.jpg" publishTime="08/09/2012 11:25:51" />
    <file relUrl="SAL/Report/CustomerCashCollected.aspx" publishTime="08/09/2012 11:26:05" />
    <file relUrl="Styles/TimePickerUI/jquery.ui.theme.css" publishTime="08/09/2012 11:26:08" />
    <file relUrl="Images/ProductImg/erp.jpg" publishTime="08/09/2012 11:25:51" />
    <file relUrl="bin/Microsoft.Practices.EnterpriseLibrary.ExceptionHandling.WCF.dll" publishTime="08/09/2012 11:25:29" />
    <file relUrl="PUR/Report/UnitCostPriceReport.aspx" publishTime="08/09/2012 11:25:42" />
    <file relUrl="Scripts/addHTMLControls.js" publishTime="08/09/2012 11:26:09" />
    <file relUrl="AmountAdjustment.aspx" publishTime="08/09/2012 11:26:11" />
    <file relUrl="MMIE.Web.Publish.xml" publishTime="01/04/2013 18:26:43" />
    <file relUrl="BNK/BankAccountTransaction.aspx" publishTime="08/09/2012 11:25:43" />
    <file relUrl="Scripts/MMIE.js" publishTime="08/09/2012 11:26:09" />
    <file relUrl="ProdoctsImage/companylogo.png" publishTime="08/09/2012 11:25:51" />
    <file relUrl="PUR/ProductPartReceiveNote.aspx" publishTime="08/09/2012 11:25:42" />
    <file relUrl="Reimbursement.aspx" publishTime="08/09/2012 11:26:11" />
    <file relUrl="Styles/TimePickerUI/images/ui-bg_glass_95_fef1ec_1x400.png" publishTime="08/09/2012 11:26:08" />
    <file relUrl="Images/cancel.png" publishTime="08/09/2012 11:25:51" />
    <file relUrl="Images/print_icon.png" publishTime="08/09/2012 11:25:51" />
    <file relUrl="SAL/VehicleSales.aspx" publishTime="09/24/2012 11:03:10" />
    <file relUrl="INV/StockAdjustQty.aspx" publishTime="08/09/2012 11:26:11" />
    <file relUrl="bin/Microsoft.Practices.ObjectBuilder2.xml" publishTime="08/09/2012 11:25:25" />
    <file relUrl="Images/Login/button.jpg" publishTime="08/09/2012 11:25:51" />
    <file relUrl="SAL/Report/TotalCustomerDeposit.aspx" publishTime="08/09/2012 11:26:05" />
    <file relUrl="Images/grd_alt.png" publishTime="08/09/2012 11:25:51" />
    <file relUrl="PRL/Report/EmployeeAdvancePaidDebtDetailReport.aspx" publishTime="08/09/2012 11:25:48" />
    <file relUrl="PUR/Report/PartInvoiceReport.aspx" publishTime="08/09/2012 11:25:42" />
    <file relUrl="PUR/ProductVehicleReturn.aspx" publishTime="08/24/2012 11:53:15" />
    <file relUrl="SAL/CreditCheckOut.aspx" publishTime="08/16/2012 12:36:27" />
    <file relUrl="Images/pagingback.jpg" publishTime="08/09/2012 11:25:51" />
    <file relUrl="Styles/export.css" publishTime="08/09/2012 11:26:08" />
    <file relUrl="Styles/TimePickerUI/jquery.ui.dialog.css" publishTime="08/09/2012 11:26:08" />
  </publishProfile>
  <publishProfile publishUrl="C:\Users\ampere\Desktop\publishMMIE" deleteExistingFiles="False" ftpAnonymousLogin="False" ftpPassiveMode="True" msdeploySite="" msdeploySiteID="" msdeployRemoteSitePhysicalPath="" msdeployAllowUntrustedCertificate="False" msdeploySkipExtraFilesOnServer="True" msdeployMarkAsApp="False" profileName="Profile1" publishMethod="FileSystem" replaceMatchingFiles="True" userName="" savePWD="False" userPWD="" SelectedForPublish="False">
    <file relUrl="PUR/PartReturnDetail.aspx" publishTime="02/08/2012 15:31:28" />
    <file relUrl="Images/ProductImg/companylogo.png" publishTime="02/08/2012 15:31:29" />
    <file relUrl="bin/MMIE.dll" publishTime="02/20/2012 11:01:52" />
    <file relUrl="Scripts/jquery-1.7.1.js" publishTime="02/13/2012 16:36:02" />
    <file relUrl="PUR/PartReceving.aspx" publishTime="02/08/2012 15:31:28" />
    <file relUrl="bin/Microsoft.Practices.EnterpriseLibrary.Logging.dll" publishTime="02/08/2012 15:31:26" />
    <file relUrl="Styles/TimePickerUI/jquery.ui.resizable.css" publishTime="02/13/2012 18:40:06" />
    <file relUrl="SAL/Report/VendorBalance.aspx" publishTime="02/08/2012 15:31:30" />
    <file relUrl="ACC/LedgerAccounts.aspx" publishTime="02/13/2012 12:31:00" />
    <file relUrl="DepositTransactionPage.aspx" publishTime="02/08/2012 15:31:32" />
    <file relUrl="Images/delete-icon.gif" publishTime="02/13/2012 12:30:59" />
    <file relUrl="Images/bg_slides.jpg" publishTime="02/08/2012 15:31:29" />
    <file relUrl="SAL/Delivery.aspx" publishTime="02/14/2012 19:25:51" />
    <file relUrl="SAL/Report/OtherChargesReport.aspx" publishTime="02/08/2012 15:31:30" />
    <file relUrl="ACC/Report/LedgerAccountReport.aspx" publishTime="02/08/2012 15:31:32" />
    <file relUrl="Styles/TimePickerUI/images/ui-bg_glass_65_ffffff_1x400.png" publishTime="02/13/2012 18:40:06" />
    <file relUrl="bin/Microsoft.Practices.Unity.xml" publishTime="02/08/2012 15:31:26" />
    <file relUrl="Styles/TimePickerUI/jquery.ui.dialog.css" publishTime="02/13/2012 18:40:06" />
    <file relUrl="Styles/TimePickerUI/jquery.ui.all.css" publishTime="02/13/2012 18:35:14" />
    <file relUrl="Images/topbar.jpg" publishTime="02/08/2012 15:31:29" />
    <file relUrl="Images/logo.png" publishTime="02/08/2012 15:31:29" />
    <file relUrl="bin/Microsoft.Practices.Unity.dll" publishTime="02/08/2012 15:31:26" />
    <file relUrl="Styles/TimePickerUI/images/ui-bg_glass_75_dadada_1x400.png" publishTime="02/13/2012 18:40:06" />
    <file relUrl="SalesTypeMaster.aspx" publishTime="02/08/2012 15:31:32" />
    <file relUrl="Scripts/UI/jquery.ui.spinner.js" publishTime="02/13/2012 13:36:55" />
    <file relUrl="PUR/ProductVehicleReceiveNote.aspx" publishTime="02/08/2012 15:31:28" />
    <file relUrl="Images/banner1.jpg" publishTime="02/08/2012 15:31:29" />
    <file relUrl="Images/background.png" publishTime="02/08/2012 15:31:29" />
    <file relUrl="ADM/ModifyUser.aspx" publishTime="02/08/2012 15:31:28" />
    <file relUrl="Images/InProgress.gif" publishTime="02/08/2012 15:31:29" />
    <file relUrl="PUR/OrderApprover.aspx" publishTime="02/08/2012 15:31:28" />
    <file relUrl="Images/grid2.png" publishTime="02/08/2012 15:31:29" />
    <file relUrl="SAL/Report/DeliveryPending.aspx" publishTime="02/08/2012 15:31:30" />
    <file relUrl="Images/dropArrow.png" publishTime="02/08/2012 15:31:29" />
    <file relUrl="CustomerRegistration.aspx" publishTime="02/14/2012 19:18:37" />
    <file relUrl="PRL/Report/PrintSalarySlips.aspx" publishTime="02/08/2012 15:31:28" />
    <file relUrl="City.asmx" publishTime="02/08/2012 15:31:32" />
    <file relUrl="Images/customer.png" publishTime="02/08/2012 15:31:29" />
    <file relUrl="Styles/TimePickerUI/images/ui-bg_flat_75_ffffff_40x100.png" publishTime="02/13/2012 18:40:06" />
    <file relUrl="SAL/PartSales.aspx" publishTime="02/08/2012 15:31:30" />
    <file relUrl="PUR/Report/OrderSupplierViewer.aspx" publishTime="02/08/2012 15:31:28" />
    <file relUrl="bin/Microsoft.Practices.EnterpriseLibrary.ExceptionHandling.dll" publishTime="02/08/2012 15:31:26" />
    <file relUrl="bin/AjaxControlToolkit.dll" publishTime="02/08/2012 15:31:31" />
    <file relUrl="SAL/Report/ReimbursementReport.aspx" publishTime="02/08/2012 15:31:30" />
    <file relUrl="bin/Microsoft.Practices.EnterpriseLibrary.Logging.xml" publishTime="02/08/2012 15:31:26" />
    <file relUrl="Images/cancel.png" publishTime="02/08/2012 15:31:29" />
    <file relUrl="Images/banner2.jpg" publishTime="02/08/2012 15:31:29" />
    <file relUrl="PRL/PayRollTaxMST.aspx" publishTime="02/08/2012 15:31:28" />
    <file relUrl="SAL/Report/ClientBalance.aspx" publishTime="02/08/2012 15:31:30" />
    <file relUrl="ACC/Report/BalanceSheetReport.aspx" publishTime="02/14/2012 19:18:37" />
    <file relUrl="Images/loginback.jpg" publishTime="02/08/2012 15:31:29" />
    <file relUrl="PRL/EmployeeDetail.aspx" publishTime="02/08/2012 15:31:28" />
    <file relUrl="bin/MMIE.Common.dll" publishTime="02/13/2012 12:33:46" />
    <file relUrl="RemarksMST.aspx" publishTime="02/08/2012 15:31:32" />
    <file relUrl="Images/import.png" publishTime="02/08/2012 15:31:29" />
    <file relUrl="INV/Report/InventoryReports.aspx" publishTime="02/08/2012 15:31:32" />
    <file relUrl="Styles/TimePickerUI/images/ui-bg_flat_0_aaaaaa_40x100.png" publishTime="02/13/2012 18:40:06" />
    <file relUrl="CompanyDetail.aspx" publishTime="02/08/2012 15:31:32" />
    <file relUrl="Styles/TimePickerUI/jquery.ui.progressbar.css" publishTime="02/13/2012 18:40:06" />
    <file relUrl="ACC/JournalVoucher.aspx" publishTime="02/14/2012 19:18:37" />
    <file relUrl="bin/MMIE.Common.pdb" publishTime="02/13/2012 12:33:46" />
    <file relUrl="CUR/SaleCurrency.aspx" publishTime="02/17/2012 18:44:05" />
    <file relUrl="bin/MMIE.DataAccess.pdb" publishTime="02/17/2012 18:16:24" />
    <file relUrl="bin/MMIE.BusinessProcess.pdb" publishTime="02/17/2012 18:16:24" />
    <file relUrl="SAL/PartSalesOrder.aspx" publishTime="02/08/2012 15:31:30" />
    <file relUrl="SAL/Report/DailyCustomerCashCollected.aspx" publishTime="02/08/2012 15:31:30" />
    <file relUrl="Styles/TimePickerUI/jquery.ui.core.css" publishTime="02/13/2012 18:40:06" />
    <file relUrl="bin/Microsoft.Practices.EnterpriseLibrary.Common.pdb" publishTime="02/08/2012 15:31:26" />
    <file relUrl="SAL/Report/SaleReport.aspx" publishTime="02/08/2012 15:31:30" />
    <file relUrl="CityMaster.aspx" publishTime="02/08/2012 15:31:32" />
    <file relUrl="SAL/Report/rptSaleDateRange.aspx" publishTime="02/08/2012 15:31:30" />
    <file relUrl="Images/header.png" publishTime="02/08/2012 15:31:29" />
    <file relUrl="bin/Microsoft.Practices.EnterpriseLibrary.ExceptionHandling.xml" publishTime="02/08/2012 15:31:26" />
    <file relUrl="SAL/Report/SaleDateRange.aspx" publishTime="02/08/2012 15:31:30" />
    <file relUrl="Images/delete.png" publishTime="02/08/2012 15:31:29" />
    <file relUrl="Images/linkbutton.jpg" publishTime="02/08/2012 15:31:29" />
    <file relUrl="Styles/TimePickerUI/jquery.ui.button.css" publishTime="02/13/2012 18:40:06" />
    <file relUrl="bin/Microsoft.Practices.EnterpriseLibrary.Logging.pdb" publishTime="02/08/2012 15:31:26" />
    <file relUrl="Styles/TimePickerUI/images/ui-icons_888888_256x240.png" publishTime="02/13/2012 18:40:06" />
    <file relUrl="ADM/LoginScheduler.aspx" publishTime="02/17/2012 17:00:09" />
    <file relUrl="Styles/TimePickerUI/jquery.ui.base.css" publishTime="02/13/2012 18:40:06" />
    <file relUrl="ProdoctsImage/companylogo.png" publishTime="02/08/2012 15:31:28" />
    <file relUrl="Styles/StyleSheet.css" publishTime="02/15/2012 15:20:45" />
    <file relUrl="SAL/Report/SalesCertificate.aspx" publishTime="02/08/2012 15:31:30" />
    <file relUrl="Styles/PIE.htc" publishTime="02/13/2012 12:30:59" />
    <file relUrl="Styles/curvycorners.src.js" publishTime="02/08/2012 15:31:31" />
    <file relUrl="Web.config" publishTime="02/20/2012 11:00:47" />
    <file relUrl="CUR/PurchaseCurrency.aspx" publishTime="02/17/2012 18:39:06" />
    <file relUrl="Styles/MenuIE6.css" publishTime="02/08/2012 15:31:31" />
    <file relUrl="bin/Microsoft.Practices.ObjectBuilder2.xml" publishTime="02/08/2012 15:31:26" />
    <file relUrl="Styles/TimePickerUI/jquery.ui.datepicker.css" publishTime="02/13/2012 18:40:06" />
    <file relUrl="Images/grid.png" publishTime="02/08/2012 15:31:29" />
    <file relUrl="Images/ProductImg/calendaricon.jpg" publishTime="02/08/2012 15:31:29" />
    <file relUrl="Scripts/jquery.easing.1.3.js" publishTime="02/08/2012 15:31:32" />
    <file relUrl="bin/MMIE.Data.dll" publishTime="02/15/2012 19:19:11" />
    <file relUrl="PRL/Report/EmployeeSalarySlip.aspx" publishTime="02/08/2012 15:31:28" />
    <file relUrl="MMIEMST.Master" publishTime="02/14/2012 19:24:05" />
    <file relUrl="Images/pagingback.jpg" publishTime="02/08/2012 15:31:29" />
    <file relUrl="Images/logintopback.jpg" publishTime="02/08/2012 15:31:29" />
    <file relUrl="Images/calendaricon.jpg" publishTime="02/08/2012 15:31:29" />
    <file relUrl="PUR/PurchaseOrderSupplier.aspx" publishTime="02/08/2012 15:31:28" />
    <file relUrl="bin/MMIE.pdb" publishTime="02/20/2012 11:01:52" />
    <file relUrl="Scripts/curvycorners.src.js" publishTime="02/08/2012 15:31:32" />
    <file relUrl="bin/Microsoft.Practices.EnterpriseLibrary.ExceptionHandling.Logging.dll" publishTime="02/08/2012 15:31:26" />
    <file relUrl="bin/Microsoft.Practices.ObjectBuilder2.dll" publishTime="02/08/2012 15:31:26" />
    <file relUrl="Images/erp.jpg" publishTime="02/08/2012 15:31:29" />
    <file relUrl="ADM/UserImpersantion.aspx" publishTime="02/08/2012 15:31:28" />
    <file relUrl="bin/Microsoft.Practices.EnterpriseLibrary.ExceptionHandling.Logging.xml" publishTime="02/08/2012 15:31:26" />
    <file relUrl="Styles/TimePickerUI/images/ui-icons_222222_256x240.png" publishTime="02/13/2012 18:40:06" />
    <file relUrl="ADM/RolePermission.aspx" publishTime="02/13/2012 13:42:40" />
    <file relUrl="bin/Microsoft.Practices.EnterpriseLibrary.ExceptionHandling.WCF.xml" publishTime="02/08/2012 15:31:26" />
    <file relUrl="SAL/OrderCancelation.aspx" publishTime="02/08/2012 15:31:30" />
    <file relUrl="Images/banner4.jpg" publishTime="02/08/2012 15:31:29" />
    <file relUrl="Scripts/UI/jquery.ui.widget.js" publishTime="02/13/2012 13:35:32" />
    <file relUrl="App_Data/ExceptionMessages.xml" publishTime="02/08/2012 15:31:28" />
    <file relUrl="ADM/AddRole.aspx" publishTime="02/08/2012 15:31:28" />
    <file relUrl="Images/loginbutton.jpg" publishTime="02/08/2012 15:31:29" />
    <file relUrl="PUR/PurchaseOrder.aspx" publishTime="02/08/2012 15:31:28" />
    <file relUrl="StreetMST.aspx" publishTime="02/08/2012 15:31:32" />
    <file relUrl="Styles/TimePickerUI/jquery.ui.menubar.css" publishTime="02/13/2012 18:40:06" />
    <file relUrl="Images/banner3.jpg" publishTime="02/08/2012 15:31:29" />
    <file relUrl="SAL/Report/TotalCustomerDeposit.aspx" publishTime="02/08/2012 15:31:30" />
    <file relUrl="PRL/Report/EmployeeSalaryReport.aspx" publishTime="02/08/2012 15:31:28" />
    <file relUrl="SAL/Report/TopSaleableProduct.aspx" publishTime="02/08/2012 15:31:30" />
    <file relUrl="VehicleReceiving.aspx" publishTime="02/08/2012 15:31:32" />
    <file relUrl="SAL/Report/StoreCashCollected.aspx" publishTime="02/08/2012 15:31:30" />
    <file relUrl="Styles/TimePickerUI/visual.css" publishTime="02/14/2012 10:49:50" />
    <file relUrl="TransformMenuXSLT.xsl" publishTime="02/08/2012 15:31:32" />
    <file relUrl="Scripts/UI/jquery.ui.timepicker.js" publishTime="02/13/2012 13:38:14" />
    <file relUrl="Scripts/jquery-1.4.1.js" publishTime="02/08/2012 15:31:32" />
    <file relUrl="Scripts/jquery.roundabout-1.0.min.js" publishTime="02/08/2012 15:31:32" />
    <file relUrl="ACC/Report/JournalEntryReport.aspx" publishTime="02/08/2012 15:31:32" />
    <file relUrl="INV/Report/TransferReport.aspx" publishTime="02/08/2012 15:31:32" />
    <file relUrl="Styles/TimePickerUI/jquery.ui.menu.css" publishTime="02/14/2012 11:03:28" />
    <file relUrl="CustomerEntry.aspx" publishTime="02/14/2012 19:18:37" />
    <file relUrl="SAL/Report/CustomerDepositReport.aspx" publishTime="02/14/2012 19:18:37" />
    <file relUrl="Images/background.jpg" publishTime="02/08/2012 15:31:29" />
    <file relUrl="BankMST.aspx" publishTime="02/14/2012 19:18:37" />
    <file relUrl="Styles/TimePickerUI/jquery.ui.accordion.css" publishTime="02/13/2012 18:40:06" />
    <file relUrl="Images/grd_head.png" publishTime="02/08/2012 15:31:29" />
    <file relUrl="SAL/Report/CustomerCashCollected.aspx" publishTime="02/08/2012 15:31:30" />
    <file relUrl="INV/TransferStockQty.aspx" publishTime="02/08/2012 15:31:32" />
    <file relUrl="Styles/TimePickerUI/images/ui-bg_highlight-soft_75_cccccc_1x100.png" publishTime="02/13/2012 18:40:06" />
    <file relUrl="Images/ProductImg/erp.jpg" publishTime="02/08/2012 15:31:29" />
    <file relUrl="Styles/TimePickerUI/jquery.ui.slider.css" publishTime="02/13/2012 18:40:06" />
    <file relUrl="Scripts/UI/jquery.ui.button.js" publishTime="02/13/2012 13:36:20" />
    <file relUrl="StoreDepotRegistration.aspx" publishTime="02/14/2012 19:18:37" />
    <file relUrl="TaxMST.aspx" publishTime="02/08/2012 15:31:32" />
    <file relUrl="MMIE.Web.Publish.xml" publishTime="02/20/2012 11:00:47" />
    <file relUrl="Images/Login/login.jpg" publishTime="02/08/2012 15:31:29" />
    <file relUrl="SAL/Report/DeliveryReport.aspx" publishTime="02/14/2012 19:18:37" />
    <file relUrl="Styles/TimePickerUI/images/ui-icons_cd0a0a_256x240.png" publishTime="02/13/2012 18:40:06" />
    <file relUrl="Images/folder.ico" publishTime="02/08/2012 15:31:29" />
    <file relUrl="Images/txttopbar.jpg" publishTime="02/08/2012 15:31:29" />
    <file relUrl="SAL/VehicleSalesOrder.aspx" publishTime="02/08/2012 15:31:30" />
    <file relUrl="Images/LOGIN.png" publishTime="02/08/2012 15:31:29" />
    <file relUrl="ADM/UpdateLoginSchedule.aspx" publishTime="02/17/2012 17:12:12" />
    <file relUrl="Scripts/UI/jquery.ui.core.js" publishTime="02/13/2012 13:34:30" />
    <file relUrl="Images/grd_pgr.png" publishTime="02/08/2012 15:31:29" />
    <file relUrl="StreetProductChargeMST.aspx" publishTime="02/08/2012 15:31:32" />
    <file relUrl="ADM/ModifyRole.aspx" publishTime="02/08/2012 15:31:28" />
    <file relUrl="INV/Report/StockReport.aspx" publishTime="02/08/2012 15:31:32" />
    <file relUrl="PRL/SalaryCalculation.aspx" publishTime="02/08/2012 15:31:28" />
    <file relUrl="PRL/Report/PayrollReport.aspx" publishTime="02/08/2012 15:31:28" />
    <file relUrl="bin/MMIE.DataAccess.dll" publishTime="02/17/2012 18:16:24" />
    <file relUrl="Scripts/jquery-1.4.1.min.js" publishTime="02/08/2012 15:31:32" />
    <file relUrl="Styles/TimePickerUI/images/ui-bg_glass_55_fbf9ee_1x400.png" publishTime="02/13/2012 18:40:06" />
    <file relUrl="SAL/Report/DeliveryCashPending.aspx" publishTime="02/08/2012 15:31:30" />
    <file relUrl="SAL/Report/SaleReportRangeOfDate.aspx" publishTime="02/08/2012 15:31:30" />
    <file relUrl="ACC/Report/ProfitLossReport.aspx" publishTime="02/14/2012 19:18:37" />
    <file relUrl="Styles/TimePickerUI/images/ui-icons_454545_256x240.png" publishTime="02/13/2012 18:40:06" />
    <file relUrl="ProdoctsImage/big/companylogo.png" publishTime="02/08/2012 15:31:28" />
    <file relUrl="Styles/TimePickerUI/images/ui-bg_glass_75_e6e6e6_1x400.png" publishTime="02/13/2012 18:40:06" />
    <file relUrl="bin/Microsoft.Practices.EnterpriseLibrary.Common.dll" publishTime="02/08/2012 15:31:26" />
    <file relUrl="SAL/CheckOut.aspx" publishTime="02/14/2012 18:47:48" />
    <file relUrl="UnitMST.aspx" publishTime="02/08/2012 15:31:32" />
    <file relUrl="bin/MMIE.BusinessProcess.dll" publishTime="02/17/2012 18:16:24" />
    <file relUrl="ACC/Company.aspx" publishTime="02/08/2012 15:31:32" />
    <file relUrl="INV/Report/StockAdjustmentReport.aspx" publishTime="02/08/2012 15:31:32" />
    <file relUrl="Scripts/jquery-1.4.1-vsdoc.js" publishTime="02/08/2012 15:31:32" />
    <file relUrl="ACC/AccountGroupMST.aspx" publishTime="02/14/2012 19:18:37" />
    <file relUrl="CurrencyConvertor.aspx" publishTime="02/08/2012 15:31:32" />
    <file relUrl="bin/Microsoft.Practices.EnterpriseLibrary.ExceptionHandling.WCF.pdb" publishTime="02/08/2012 15:31:26" />
    <file relUrl="Styles/TimePickerUI/jquery.ui.autocomplete.css" publishTime="02/13/2012 18:40:06" />
    <file relUrl="PUR/VehicleReceiving.aspx" publishTime="02/08/2012 15:31:28" />
    <file relUrl="Images/bar.png" publishTime="02/08/2012 15:31:29" />
    <file relUrl="ACC/AccountGroupTypeMST.aspx" publishTime="02/14/2012 19:18:37" />
    <file relUrl="ACC/VoucherGroupMST.aspx" publishTime="02/13/2012 12:31:00" />
    <file relUrl="ProductCategoryMST.aspx" publishTime="02/08/2012 15:31:32" />
    <file relUrl="Styles/TimePickerUI/jquery.ui.tabs.css" publishTime="02/13/2012 18:40:06" />
    <file relUrl="Styles/AccountStyle.css" publishTime="02/13/2012 12:30:59" />
    <file relUrl="ProductRegistration.aspx" publishTime="02/14/2012 19:18:37" />
    <file relUrl="bin/Microsoft.Practices.EnterpriseLibrary.ExceptionHandling.pdb" publishTime="02/08/2012 15:31:26" />
    <file relUrl="Styles/homepage.css" publishTime="02/08/2012 15:31:31" />
    <file relUrl="Scripts/UI/jquery.ui.mask.js" publishTime="02/13/2012 13:37:25" />
    <file relUrl="Scripts/MMIE.js" publishTime="02/08/2012 15:31:32" />
    <file relUrl="Images/question.png" publishTime="02/08/2012 15:31:29" />
    <file relUrl="Home.aspx" publishTime="02/08/2012 15:31:32" />
    <file relUrl="ADM/MaintainUser.aspx" publishTime="02/08/2012 15:31:28" />
    <file relUrl="SAL/Report/PaymentDetailsReport.aspx" publishTime="02/14/2012 19:18:37" />
    <file relUrl="Login.aspx" publishTime="02/08/2012 15:31:32" />
    <file relUrl="bin/Microsoft.Practices.EnterpriseLibrary.Common.xml" publishTime="02/08/2012 15:31:26" />
    <file relUrl="Styles/Menu.css" publishTime="02/08/2012 15:31:31" />
    <file relUrl="PUR/Report/ProductReceivingReport.aspx" publishTime="02/08/2012 15:31:28" />
    <file relUrl="Images/banner5.jpg" publishTime="02/08/2012 15:31:29" />
    <file relUrl="Styles/TimePickerUI/images/ui-icons_2e83ff_256x240.png" publishTime="02/13/2012 18:40:06" />
    <file relUrl="Styles/TimePickerUI/jquery.ui.theme.css" publishTime="02/13/2012 18:40:06" />
    <file relUrl="bin/Microsoft.Practices.EnterpriseLibrary.ExceptionHandling.WCF.dll" publishTime="02/08/2012 15:31:26" />
    <file relUrl="StoreDepotScanID/companylogo.png" publishTime="02/08/2012 15:31:28" />
    <file relUrl="Scripts/addHTMLControls.js" publishTime="02/08/2012 15:31:32" />
    <file relUrl="ACC/Report/AccountReportViewer.aspx" publishTime="02/08/2012 15:31:32" />
    <file relUrl="PUR/ProductPartReceiveNote.aspx" publishTime="02/08/2012 15:31:28" />
    <file relUrl="Reimbursement.aspx" publishTime="02/08/2012 15:31:32" />
    <file relUrl="Styles/TimePickerUI/images/ui-bg_glass_95_fef1ec_1x400.png" publishTime="02/13/2012 18:40:06" />
    <file relUrl="bin/Microsoft.Practices.EnterpriseLibrary.ExceptionHandling.Logging.pdb" publishTime="02/08/2012 15:31:26" />
    <file relUrl="bin/MMIE.Data.pdb" publishTime="02/15/2012 19:19:11" />
    <file relUrl="SAL/VehicleSales.aspx" publishTime="02/08/2012 15:31:30" />
    <file relUrl="INV/StockAdjustQty.aspx" publishTime="02/08/2012 15:31:32" />
    <file relUrl="PUR/VehicleReturnDetails.aspx" publishTime="02/08/2012 15:31:28" />
    <file relUrl="Images/Login/button.jpg" publishTime="02/08/2012 15:31:29" />
    <file relUrl="Styles/TimePickerUI/jquery.ui.selectable.css" publishTime="02/13/2012 18:40:06" />
    <file relUrl="Images/grd_alt.png" publishTime="02/08/2012 15:31:29" />
    <file relUrl="PUR/Report/PartInvoiceReport.aspx" publishTime="02/08/2012 15:31:28" />
    <file relUrl="ADM/WebCam.aspx" publishTime="02/13/2012 12:30:59" />
    <file relUrl="Images/companylogo.png" publishTime="02/08/2012 15:31:29" />
    <file relUrl="Styles/export.css" publishTime="02/08/2012 15:31:31" />
  </publishProfile>
</publishData>