<?xml version="1.0" encoding="utf-8" ?>
<Resources>

    <!--*********************START UI EXCEPTIONS AND ERROR MESSAGES*********************** -->
  <Resource ID="1000000">
    <Value>Successfully Saved.</Value>
  </Resource>
    <Resource ID="1000001">
        <Value>System could not process your request, please try later.</Value>
    </Resource>
    <Resource ID="1000002">
        <Value>Invalid Login ID or Password.</Value>
    </Resource>
    <Resource ID="1000004">
        <Value>Login ID should not be blank.</Value>
    </Resource>
    <Resource ID="1000005">
        <Value>Login ID should be a minimum of 5 Characters</Value>
    </Resource>
    <Resource ID="1000006">
        <Value>Password should not be blank.</Value>
    </Resource>
    <Resource ID="1000007">
        <Value>Password should not be blank.</Value>
    </Resource>
    <Resource ID="1000008">
        <Value>Confirm Password should not be blank.</Value>
    </Resource>
    <Resource ID="1000009">
        <Value>Password and Confirm Password do not match</Value>
    </Resource>
    <Resource ID="1000010">
        <Value>Please select Role.</Value>
    </Resource>
    <Resource ID="1000011">
        <Value>Email should not be blank.</Value>
    </Resource>
    <Resource ID="1000012">
        <Value>Please enter a valid Email.</Value>
    </Resource>
    <Resource ID="1000013">
        <Value>User Login infomation saved successfully in the system.</Value>
    </Resource>
    <Resource ID="1000014">
        <Value>User has been Deleted successfully.</Value>
    </Resource>
    <Resource ID="1000015">
        <Value>Role Permission Authorization infomation saved successfully in the system.</Value>
    </Resource>
    <Resource ID="1000016">
        <Value>Role infomation saved successfully in the system.</Value>
    </Resource>
    <Resource ID="1000017">
        <Value>Role has been Deleted successfully.</Value>
    </Resource>
  <Resource ID="1000018">
    <Value>Role Name Should Not Be blank.</Value>
  </Resource>
  <Resource ID="1000019">
    <Value>Role Code Should Not Be blank.</Value>
  </Resource>
  <Resource ID="1000020">
    <Value>Excel file format is not correct please try with the formatted excel file.</Value>
  </Resource>
  <!--*********************END UI EXCEPTIONS AND ERROR MESSAGES************************* -->


    <!--*********************START SERVICE AGENT EXCEPTIONS AND ERROR MESSAGES****************** -->
    <Resource ID="2000001">
        <Value>System could not process your request, please try later.</Value>
    </Resource>
    <Resource ID="2000002">
        <Value>Registration Code must be unique in the system.</Value>
    </Resource>

    <!--*********************END SERVICE AGENT EXCEPTIONS AND ERROR MESSAGES******************** -->


    <!--*********************START SERVICE EXCEPTIONS AND ERROR MESSAGES****************** -->
    <Resource ID="3000001">
        <Value>System could not process your request, please try later.</Value>
    </Resource>

    <!--*********************END SERVICE EXCEPTIONS AND ERROR MESSAGES******************** -->


    <!--*********************START BUSINESS PROCESS EXCEPTIONS AND ERROR MESSAGES****************** -->
    <Resource ID="4000001">
        <Value>System could not process your request, please try later.</Value>
    </Resource>
    <Resource ID="4000002">
        <Value>Employee Code must be unique in the system.</Value>
    </Resource>

    <!--*********************END BUSINESS PROCESS EXCEPTIONS AND ERROR MESSAGES******************** -->


    <!--*********************START DATA ACCESS EXCEPTIONS AND ERROR MESSAGES****************** -->
    <Resource ID="5000001">
        <Value>System could not process your request, please try later.</Value>
    </Resource>

    <!--*********************END DATA ACCESS EXCEPTIONS AND ERROR MESSAGES******************** -->


    <!--*********************START Common Errors Across Modules************* -->

    <Resource ID="6000001">
        <Value>System could not process your request, please try later.</Value>
    </Resource>

    <!--*********************END Common Errors Across Modules*************** -->


    <!--********************* Registration Errors ************* -->
    
    <Resource ID="R7000000">
        <Value> Failed to execute your request. Please try again.</Value>
    </Resource>
    <Resource ID="R7000001">
        <Value> New Registration Successfully Saved.  </Value>
    </Resource>
    <Resource ID="R7000002">
        <Value> Registration Successfully Udated.</Value>
    </Resource>
    <Resource ID="R7000003">
        <Value> Failed to execute the operation. Please try again.</Value>
    </Resource>
    <Resource ID="R7000004">
        <Value> Login ID exist. Please try another Login ID.</Value>
    </Resource>
    <Resource ID="R7000005">
        <Value> Daily No. exist. Please try another Daily No.</Value>
    </Resource>
    <Resource ID="R7000006">
        <Value> Record Successfully Deleted.</Value>
    </Resource>
    <Resource ID="R7000007">
        <Value> Invalid Search Parameter.</Value>
    </Resource>
  <Resource ID="R7000008">
    <Value> Enter Phone no or Mobile no.</Value>
  </Resource>
  <!--********************* Descharge Patient ************* -->
  <Resource ID="D7000001">
    <Value> Patient Successfully Discharged.</Value>
  </Resource>
  <!--********************* Bed Transfer  ************* -->
  <Resource ID="C7000001">
    <Value> Patient Successfully Transferred.</Value>
  </Resource>
  <Resource ID="C7000002">
    <Value> Select an IP Patient. </Value>
  </Resource>
  <!--********************* Store  ************* -->
  <Resource ID="STR7000001">
    <Value> Item Successfully Saved.</Value>
  </Resource>
  <Resource ID="STR7000002">
    <Value> Item cannot be Saved.</Value>
  </Resource>
  <Resource ID="STR7000003">
    <Value> Item Successfully Updated.</Value>
  </Resource>
  <Resource ID="STR7000000">
    <Value> Error when trying to save the item.</Value>
  </Resource>
	<!--********************* IP Issues  ************* -->
	<Resource ID="INV7000001">
		<Value>Item Successfully Saved.</Value>
	</Resource>
	<Resource ID="INV7000002">
		<Value> Select an IP Patient. </Value>
	</Resource>
  <Resource ID="INV700000">
    <Value> Error when trying to save the item.</Value>
  </Resource>
  <!--********************* OP Issues  ************* -->
  <Resource ID="OP7000001">
    <Value>Item Successfully Saved.</Value>
  </Resource>
  <Resource ID="OP7000002">
    <Value> Select an OP Patient. </Value>
  </Resource>
  <Resource ID="OP7000003">
    <Value> Error occured. Please try again. </Value>
  </Resource>
  <Resource ID="OP700000">
    <Value> Error when trying to save the item.</Value>
  </Resource>
	<!--********************* Materials  ************* -->
	<Resource ID="M7000001">
		<Value>Item Successfully Saved.</Value>
	</Resource>
	<Resource ID="M7000002">
		<Value> Select an Materials. </Value>
	</Resource>
	<Resource ID="M700000">
		<Value> Error when trying to save the item.</Value>
	</Resource>
  <!--********************* Bed Transfer  ************* -->
  <Resource ID="C7000001">
    <Value> Patient Successfully Transferred.</Value>
  </Resource>
  <Resource ID="C7000002">
    <Value> Select an IP Patient. </Value>
  </Resource>
	<!--********************* Room Service Messages ************* -->
	<Resource ID="RS7000001">
		<Value> New Room Successfully created.  </Value>
	</Resource>
	<Resource ID="RS7000002">
		<Value> Room information Successfully Updated.</Value>
	</Resource>
	
	<!--********************* Food Service Messages ************* -->
	<Resource ID="FS7000001">
		<Value> New Floor Successfully created.  </Value>
	</Resource>
	<Resource ID="FS7000002">
		<Value> Floor information Successfully Updated.</Value>
	</Resource>

  <!--********************* Payroll Errors ************* -->

  <Resource ID="PRL8000000">
    <Value> Enter designation code</Value>
  </Resource>
  <Resource ID="PRL8000001">
    <Value> Enter designation</Value>
  </Resource>
  <Resource ID="PRL8000002">
    <Value> Select a company</Value>
  </Resource>

  <!--********************* Validation Errors ************* -->
  <Resource ID="V8000000">
    <Value> Enter employee code</Value>
  </Resource>
  <Resource ID="V8000001">
    <Value> Enter employee UID</Value>
  </Resource>
  <Resource ID="V8000002">
    <Value> Select a salutaion</Value>
  </Resource>
  <Resource ID="V8000003">
    <Value> Enter first name</Value>
  </Resource>
  <Resource ID="V8000004">
    <Value> Enter last name</Value>
  </Resource>
  <Resource ID="V8000005">
    <Value> Enter date of birth</Value>
  </Resource>
  <Resource ID="V8000006">
    <Value> Select a gender</Value>
  </Resource>
  <Resource ID="V8000007">
    <Value> Select a designation</Value>
  </Resource>
  <Resource ID="V8000008">
    <Value> Select a department</Value>
  </Resource>
  <Resource ID="V8000009">
    <Value> Enter a valid email</Value>
  </Resource>
  <Resource ID="V8000010">
    <Value> Enter a valid url</Value>
  </Resource>
  <Resource ID="V8000011">
    <Value> Employee code already exist</Value>
  </Resource>
  <!--*********************Product Validation Errors ************* -->
  <Resource ID="P000000">
    <Value> Select group</Value>
  </Resource>
  <Resource ID="P000001">
    <Value> Enter Product name</Value>
  </Resource>
  <Resource ID="P000002">
    <Value> Enter Product Reference name</Value>
  </Resource>
  <Resource ID="P000003">
    <Value> Enter model name</Value>
  </Resource>
  <Resource ID="P000004">
    <Value> Enter color</Value>
  </Resource>
  <Resource ID="P000005">
    <Value> Select a unit</Value>
  </Resource>
  <Resource ID="P000006">
    <Value> Product Added successfully.</Value>
  </Resource>
  <!--*********************Store Validation Errors ************* -->
  <Resource ID="S000000">
    <Value> Select a store type</Value>
  </Resource>
  <Resource ID="S000001">
    <Value> Enter  name</Value>
  </Resource>
  <Resource ID="S000002">
    <Value> Enter  Address</Value>
  </Resource>
  <Resource ID="S000003">
    <Value> Enter  Street</Value>
  </Resource>
  <Resource ID="S000004">
    <Value> Select a  City</Value>
  </Resource>
  <Resource ID="S000005">
    <Value> Select a Country</Value>
  </Resource>
  <Resource ID="S000006">
    <Value> Enter Phone no</Value>
  </Resource>
  <Resource ID="S000007">
    <Value> Enter Cell no</Value>
  </Resource>
  <Resource ID="S000008">
    <Value> Enter Fax no</Value>
  </Resource>
  <Resource ID="S000009">
    <Value> Enter valid Email</Value>
  </Resource>
  <Resource ID="S000010">
    <Value> Enter Contact Person name</Value>
  </Resource>
  <Resource ID="S000011">
    <Value> Enter Street</Value>
  </Resource>
  <Resource ID="S000012">
    <Value> Enter Contact Person street</Value>
  </Resource>
  <Resource ID="S000013">
    <Value> Select a Country</Value>
  </Resource>
  <Resource ID="S000014">
    <Value> Select a City</Value>
  </Resource>
  <Resource ID="S000015">
    <Value> Enter Cell no</Value>
  </Resource>
  <Resource ID="S000016">
    <Value> Enter Website</Value>
  </Resource>
	<Resource ID="S000017">
		<Value> Store added successfully.</Value>
	</Resource>
  <Resource ID="S000018">
    <Value> Store Deleted successfully.</Value>
  </Resource>
  <Resource ID="S000019">
    <Value> Depot added successfully.</Value>
  </Resource>
  <Resource ID="S000020">
    <Value> Depot Deleted successfully.</Value>
  </Resource>
  <Resource ID="S000021">
    <Value> Store/Depot Deleted successfully.</Value>
  </Resource>
  <!--*********************customer Validation Errors ************* -->
  <Resource ID="C000000">
    <Value> Enter customer name </Value>
  </Resource>
  <Resource ID="C000001">
    <Value> Enter address</Value>
  </Resource>  
  <Resource ID="C000002">
    <Value> Select a  City</Value>
  </Resource>  
  <Resource ID="C000003">
    <Value> Select a Country</Value>
  </Resource>
  <Resource ID="C000004">
    <Value> Enter Phone no</Value>
  </Resource>
  <Resource ID="C000005">
    <Value> Enter valid Email</Value>
  </Resource>  
 
  <Resource ID="C000007">
    <Value> Enter Reference name</Value>
  </Resource>
  <Resource ID="C000008">
    <Value> Enter Reference address</Value>
  </Resource>
  <Resource ID="C000009">
    <Value> Select a reference City</Value>
  </Resource>
  <Resource ID="C000010">
    <Value> Select a reference Country</Value>
  </Resource>  
  <Resource ID="C000012">
    <Value> Enter reference Phone no</Value>
  </Resource>
  <Resource ID="C000014">
    <Value> Enter reference Cell no</Value>
  </Resource>
  <Resource ID="C000015">
    <Value> Enter valid email</Value>
  </Resource>
  <Resource ID="C000016">
    <Value> Customer/Supplier Added successfully.</Value>
  </Resource>
  <Resource ID="C000017">
    <Value> Customer/Supplier Deleted successfully.</Value>
  </Resource>

  <Resource ID="C000018">
    <Value> Customer/Supplier Updated successfully.</Value>
  </Resource>
  <Resource ID="C000019">
    <Value> Customer/Supplier Deleted successfully.</Value>
  </Resource>

  <!--********************* Unit Messages *************** -->

  <Resource ID="U00001">
    <Value>Unit Added Successfully</Value>
  </Resource>
  <Resource ID="U00002">
    <Value> Unit Updated Successfully</Value>
  </Resource>
  <Resource ID="U00003">
    <Value>Unit Deleted successfully.</Value>
  </Resource>


  <!--********************* Currency Messages *************** -->

  <Resource ID="CR00001">
    <Value>New Currency Added Successfully.</Value>
  </Resource>
  <Resource ID="CR00002">
    <Value> Currency Updated Successfully.</Value>
  </Resource>
  <Resource ID="CR00003">
    <Value>Currency Deleted successfully.</Value>
  </Resource>

  <!--********************* Refund Quantity Messages *************** -->
  <Resource ID="RQ00001">
    <Value>Item refund successfully.</Value>
  </Resource>
  <!--********************* Payroll Messages *************** -->
  <Resource ID="PAR00001">
    <Value>Employee Added successfully.</Value>
  </Resource>
  <!--********************* Payroll Messages *************** -->
  <Resource ID="C00001">
    <Value>Company Added successfully.</Value>
  </Resource>
  <!--*********************END Common Errors Across Modules*************** -->


  <Resource ID="INV00001">
    <Value>Invalid input, Please enter correct numeric value and try again!</Value>
  </Resource>
</Resources>
